Tax,Equilibrium,N,E,U,UR,LFPR,Labor,Efficiency
0.0,General,0.34497069612825954,0.6145501489505807,0.04047915492115982,0.061797471780111274,0.6550293038717405,0.49144255405063325,0.7996785207681283
0.05,General,0.3880322309574864,0.5749630919036597,0.03700467713885401,0.060468343286692414,0.6119677690425137,0.46849281119071595,0.81482240823419
0.1,General,0.43464324274335076,0.5321333226996515,0.033223434556997694,0.05876543285378225,0.5653567572566492,0.442575913341711,0.8317011817572476
0.15,General,0.4841684048373165,0.4863113352543372,0.0295202599083464,0.05722848345308563,0.5158315951626836,0.41353738646929544,0.850355228205854
0.2,General,0.5357801004391648,0.4381510036971707,0.026068895863664548,0.056156351522902055,0.4642198995608352,0.3815188814113559,0.8707474779061416
