Tax,N,E,U,UR,LFPR
0.0,0.027458166050675116,0.05126129669762862,0.003061269356241355,0.05635354841679591,0.6642465120564861
0.05,0.03335766279901829,0.04597577876602624,0.002447290539500468,0.05053976492194702,0.5921085328953123
0.1,0.039622440319279945,0.04026846157380411,0.0018898302114607147,0.04482701104415357,0.5155039665256552
0.15,0.04582549702899816,0.03450377274612095,0.0014514623294255872,0.040368595181644054,0.43965411106350855
0.2,0.05175953435627092,0.02889684483676787,0.0011243529115057519,0.037451967137800427,0.36709377595074566
